4.000000000000000000e+00,1.000000000000000000e+00,6.666666666666666297e-01
6.000000000000000000e+00,1.000000000000000000e+00,5.333333333333333259e-01
8.000000000000000000e+00,1.000000000000000000e+00,4.571428571428571286e-01
1.000000000000000000e+01,1.000000000000000000e+00,4.063492063492063489e-01
1.200000000000000000e+01,1.000000000000000000e+00,3.694083694083692970e-01
1.400000000000000000e+01,2.000000000000000000e+00,6.050616050616050012e-01
1.600000000000000000e+01,2.000000000000000000e+00,5.698523698523698666e-01
1.800000000000000000e+01,2.000000000000000000e+00,5.402532108414461742e-01
2.000000000000000000e+01,2.000000000000000000e+00,5.149148065556734544e-01
2.200000000000000000e+01,2.000000000000000000e+00,4.929013195267065717e-01
2.400000000000000000e+01,2.000000000000000000e+00,4.735412207481127789e-01
2.600000000000000000e+01,2.000000000000000000e+00,4.563387023529707487e-01
2.800000000000000000e+01,2.000000000000000000e+00,4.409187504139718827e-01
3.000000000000000000e+01,2.000000000000000000e+00,4.269917947802844282e-01
3.200000000000000000e+01,3.000000000000000000e+00,5.731082226788333234e-01
3.400000000000000000e+01,3.000000000000000000e+00,5.586738581597290310e-01
3.600000000000000000e+01,3.000000000000000000e+00,5.453091505239964221e-01
3.800000000000000000e+01,3.000000000000000000e+00,5.328876676913014698e-01
4.000000000000000000e+01,3.000000000000000000e+00,5.213028834192444672e-01
4.200000000000000000e+01,3.000000000000000000e+00,5.104643515534843523e-01
4.400000000000000000e+01,3.000000000000000000e+00,5.002947324872943913e-01
4.600000000000000000e+01,3.000000000000000000e+00,4.907274593622537595e-01
4.800000000000000000e+01,3.000000000000000000e+00,4.817048893049009073e-01
5.000000000000000000e+01,3.000000000000000000e+00,4.731768259973322954e-01
5.200000000000000000e+01,3.000000000000000000e+00,4.650993292090692677e-01
5.400000000000000000e+01,3.000000000000000000e+00,4.574337480808183254e-01
5.600000000000000000e+01,3.000000000000000000e+00,4.501459303627108888e-01
5.800000000000000000e+01,4.000000000000000000e+00,5.561720214852310384e-01
6.000000000000000000e+01,4.000000000000000000e+00,5.485132790887982113e-01
6.200000000000000000e+01,4.000000000000000000e+00,5.411737639331475336e-01
6.400000000000000000e+01,4.000000000000000000e+00,5.341317532494241904e-01
6.600000000000000000e+01,4.000000000000000000e+00,5.273675332780973779e-01
6.800000000000000000e+01,4.000000000000000000e+00,5.208631684765600012e-01
7.000000000000000000e+01,4.000000000000000000e+00,5.146023019106757967e-01
7.200000000000000000e+01,4.000000000000000000e+00,5.085699820594326015e-01
7.400000000000000000e+01,4.000000000000000000e+00,5.027525120638529632e-01
7.600000000000000000e+01,4.000000000000000000e+00,4.971373181091884863e-01
7.800000000000000000e+01,4.000000000000000000e+00,4.917128341700371941e-01
8.000000000000000000e+01,4.000000000000000000e+00,4.864684007932338905e-01
8.200000000000000000e+01,4.000000000000000000e+00,4.813941759609747240e-01
8.400000000000000000e+01,4.000000000000000000e+00,4.764810563809684929e-01
8.600000000000000000e+01,4.000000000000000000e+00,4.717206078031289662e-01
8.800000000000000000e+01,4.000000000000000000e+00,4.671050031727598251e-01
9.000000000000000000e+01,4.000000000000000000e+00,4.626269676059667768e-01
9.200000000000000000e+01,4.000000000000000000e+00,4.582797293203080269e-01
9.400000000000000000e+01,5.000000000000000000e+00,5.411326045735037615e-01
9.600000000000000000e+01,5.000000000000000000e+00,5.365496767421318314e-01
9.800000000000000000e+01,5.000000000000000000e+00,5.320859209512385224e-01
1.000000000000000000e+02,5.000000000000000000e+00,5.277362147064073028e-01
1.020000000000000000e+02,5.000000000000000000e+00,5.234957382156391059e-01
1.040000000000000000e+02,5.000000000000000000e+00,5.193599519317503299e-01
1.060000000000000000e+02,5.000000000000000000e+00,5.153245760741029802e-01
1.080000000000000000e+02,5.000000000000000000e+00,5.113855719302894398e-01
1.100000000000000000e+02,5.000000000000000000e+00,5.075391247606595435e-01
1.120000000000000000e+02,5.000000000000000000e+00,5.037816281481460878e-01
1.140000000000000000e+02,5.000000000000000000e+00,5.001096696531015517e-01
1.160000000000000000e+02,5.000000000000000000e+00,4.965200176480277228e-01
1.180000000000000000e+02,5.000000000000000000e+00,4.930096092205022429e-01
1.200000000000000000e+02,5.000000000000000000e+00,4.895755390444330724e-01
1.220000000000000000e+02,5.000000000000000000e+00,4.862150491302381639e-01
1.240000000000000000e+02,5.000000000000000000e+00,4.829255193738098417e-01
1.260000000000000000e+02,5.000000000000000000e+00,4.797044588323381431e-01
1.280000000000000000e+02,5.000000000000000000e+00,4.765494976623502743e-01
1.300000000000000000e+02,5.000000000000000000e+00,4.734583796617937712e-01
1.320000000000000000e+02,5.000000000000000000e+00,4.704289553637528432e-01
1.340000000000000000e+02,5.000000000000000000e+00,4.674591756345202742e-01
1.360000000000000000e+02,5.000000000000000000e+00,4.645470857333127701e-01
1.380000000000000000e+02,6.000000000000000000e+00,5.326165719459046155e-01
1.400000000000000000e+02,6.000000000000000000e+00,5.295550286875925217e-01
1.420000000000000000e+02,6.000000000000000000e+00,5.265479464328420844e-01
1.440000000000000000e+02,6.000000000000000000e+00,5.235937127492034104e-01
1.460000000000000000e+02,6.000000000000000000e+00,5.206907812558760895e-01
1.480000000000000000e+02,6.000000000000000000e+00,5.178376682059177005e-01
1.500000000000000000e+02,6.000000000000000000e+00,5.150329492797731668e-01
1.520000000000000000e+02,6.000000000000000000e+00,5.122752565751242937e-01
1.540000000000000000e+02,6.000000000000000000e+00,5.095632757792116774e-01
1.560000000000000000e+02,6.000000000000000000e+00,5.068957435109019416e-01
1.580000000000000000e+02,6.000000000000000000e+00,5.042714448207474831e-01
1.600000000000000000e+02,6.000000000000000000e+00,5.016892108381958426e-01
1.620000000000000000e+02,6.000000000000000000e+00,4.991479165559598030e-01
1.640000000000000000e+02,6.000000000000000000e+00,4.966464787422907312e-01
1.660000000000000000e+02,6.000000000000000000e+00,4.941838539726238211e-01
1.680000000000000000e+02,6.000000000000000000e+00,4.917590367726918932e-01
1.700000000000000000e+02,6.000000000000000000e+00,4.893710578657973764e-01
1.720000000000000000e+02,6.000000000000000000e+00,4.870189825174684461e-01
1.740000000000000000e+02,6.000000000000000000e+00,4.847019089712288342e-01
1.760000000000000000e+02,6.000000000000000000e+00,4.824189669696541394e-01
1.780000000000000000e+02,6.000000000000000000e+00,4.801693163553314436e-01
1.800000000000000000e+02,6.000000000000000000e+00,4.779521457466852641e-01
1.820000000000000000e+02,6.000000000000000000e+00,4.757666712840384893e-01
1.840000000000000000e+02,6.000000000000000000e+00,4.736121354415590012e-01
1.860000000000000000e+02,6.000000000000000000e+00,4.714878059010754741e-01
1.880000000000000000e+02,7.000000000000000000e+00,5.294116485784436943e-01
1.900000000000000000e+02,7.000000000000000000e+00,5.271887347230940213e-01
1.920000000000000000e+02,7.000000000000000000e+00,5.249948475498154021e-01
1.940000000000000000e+02,7.000000000000000000e+00,5.228293536792064655e-01
1.960000000000000000e+02,7.000000000000000000e+00,5.206916389240014986e-01
1.980000000000000000e+02,7.000000000000000000e+00,5.185811075519749513e-01
2.000000000000000000e+02,7.000000000000000000e+00,5.164971815827877899e-01
2.020000000000000000e+02,7.000000000000000000e+00,5.144393001169625945e-01
2.040000000000000000e+02,7.000000000000000000e+00,5.124069186953026378e-01
2.060000000000000000e+02,7.000000000000000000e+00,5.103995086871508935e-01
2.080000000000000000e+02,7.000000000000000000e+00,5.084165567060038304e-01
2.100000000000000000e+02,7.000000000000000000e+00,5.064575640510462495e-01
2.120000000000000000e+02,7.000000000000000000e+00,5.045220461732961015e-01
2.140000000000000000e+02,7.000000000000000000e+00,5.026095321650878578e-01
2.160000000000000000e+02,7.000000000000000000e+00,5.007195642717250372e-01
2.180000000000000000e+02,7.000000000000000000e+00,4.988516974241792301e-01
2.200000000000000000e+02,7.000000000000000000e+00,4.970054987917834066e-01
2.220000000000000000e+02,7.000000000000000000e+00,4.951805473539334090e-01
2.240000000000000000e+02,7.000000000000000000e+00,4.933764334898515513e-01
2.260000000000000000e+02,7.000000000000000000e+00,4.915927585855347504e-01
2.280000000000000000e+02,7.000000000000000000e+00,4.898291346570460836e-01
2.300000000000000000e+02,7.000000000000000000e+00,4.880851839893625144e-01
2.320000000000000000e+02,7.000000000000000000e+00,4.863605387900327148e-01
2.340000000000000000e+02,7.000000000000000000e+00,4.846548408569331112e-01
2.360000000000000000e+02,7.000000000000000000e+00,4.829677412594616248e-01
2.380000000000000000e+02,7.000000000000000000e+00,4.812989000325300637e-01
2.400000000000000000e+02,7.000000000000000000e+00,4.796479858827633058e-01
2.420000000000000000e+02,7.000000000000000000e+00,4.780146759063280126e-01
2.440000000000000000e+02,7.000000000000000000e+00,4.763986553178680139e-01
2.460000000000000000e+02,7.000000000000000000e+00,4.747996171900235041e-01
2.480000000000000000e+02,8.000000000000000000e+00,5.251170651329069017e-01
2.500000000000000000e+02,8.000000000000000000e+00,5.234496015849599004e-01
2.520000000000000000e+02,8.000000000000000000e+00,5.217986596509102126e-01
2.540000000000000000e+02,8.000000000000000000e+00,5.201639649892486617e-01
2.560000000000000000e+02,8.000000000000000000e+00,5.185452496017739499e-01
2.580000000000000000e+02,8.000000000000000000e+00,5.169422516471876561e-01
2.600000000000000000e+02,8.000000000000000000e+00,5.153547152612775184e-01
2.620000000000000000e+02,8.000000000000000000e+00,5.137823903834122241e-01
2.640000000000000000e+02,8.000000000000000000e+00,5.122250325890964628e-01
2.660000000000000000e+02,8.000000000000000000e+00,5.106824029283413280e-01
2.680000000000000000e+02,8.000000000000000000e+00,5.091542677696141439e-01
2.700000000000000000e+02,8.000000000000000000e+00,5.076403986491417886e-01
2.720000000000000000e+02,8.000000000000000000e+00,5.061405721253640078e-01
2.740000000000000000e+02,8.000000000000000000e+00,5.046545696383238910e-01
2.760000000000000000e+02,8.000000000000000000e+00,5.031821773738014425e-01
2.780000000000000000e+02,8.000000000000000000e+00,5.017231861320137210e-01
2.800000000000000000e+02,8.000000000000000000e+00,5.002773912006897028e-01
2.820000000000000000e+02,8.000000000000000000e+00,4.988445922323633264e-01
2.840000000000000000e+02,8.000000000000000000e+00,4.974245931257120779e-01
2.860000000000000000e+02,8.000000000000000000e+00,4.960172019107935704e-01
2.880000000000000000e+02,8.000000000000000000e+00,4.946222306380245182e-01
2.900000000000000000e+02,8.000000000000000000e+00,4.932394952707654934e-01
2.920000000000000000e+02,8.000000000000000000e+00,4.918688155813735197e-01
2.940000000000000000e+02,8.000000000000000000e+00,4.905100150505899426e-01
2.960000000000000000e+02,8.000000000000000000e+00,4.891629207701413962e-01
2.980000000000000000e+02,8.000000000000000000e+00,4.878273633484349059e-01
3.000000000000000000e+02,8.000000000000000000e+00,4.865031768192289441e-01
3.020000000000000000e+02,8.000000000000000000e+00,4.851901985531760220e-01
3.040000000000000000e+02,8.000000000000000000e+00,4.838882691721271279e-01
3.060000000000000000e+02,8.000000000000000000e+00,4.825972324661005342e-01
3.080000000000000000e+02,8.000000000000000000e+00,4.813169353128153305e-01
3.100000000000000000e+02,8.000000000000000000e+00,4.800472275997019200e-01
3.120000000000000000e+02,8.000000000000000000e+00,4.787879621482930559e-01
3.140000000000000000e+02,8.000000000000000000e+00,4.775389946409199227e-01
3.160000000000000000e+02,9.000000000000000000e+00,5.220261014254534704e-01
3.180000000000000000e+02,9.000000000000000000e+00,5.207278892460136532e-01
3.200000000000000000e+02,9.000000000000000000e+00,5.194397748491198508e-01
3.220000000000000000e+02,9.000000000000000000e+00,5.181616263404628109e-01
3.240000000000000000e+02,9.000000000000000000e+00,5.168933142292505556e-01
3.260000000000000000e+02,9.000000000000000000e+00,5.156347113724355502e-01
3.280000000000000000e+02,9.000000000000000000e+00,5.143856929205019579e-01
3.300000000000000000e+02,9.000000000000000000e+00,5.131461362647633528e-01
3.320000000000000000e+02,9.000000000000000000e+00,5.119159209861153803e-01
3.340000000000000000e+02,9.000000000000000000e+00,5.106949288052055058e-01
3.360000000000000000e+02,9.000000000000000000e+00,5.094830435339655628e-01
3.380000000000000000e+02,9.000000000000000000e+00,5.082801510284746804e-01
3.400000000000000000e+02,9.000000000000000000e+00,5.070861391430971921e-01
3.420000000000000000e+02,9.000000000000000000e+00,5.059008976858665463e-01
3.440000000000000000e+02,9.000000000000000000e+00,5.047243183750703688e-01
3.460000000000000000e+02,9.000000000000000000e+00,5.035562947970013692e-01
3.480000000000000000e+02,9.000000000000000000e+00,5.023967223648325708e-01
3.500000000000000000e+02,9.000000000000000000e+00,5.012454982785926605e-01
3.520000000000000000e+02,9.000000000000000000e+00,5.001025214861946067e-01
3.540000000000000000e+02,9.000000000000000000e+00,4.989676926454948980e-01
3.560000000000000000e+02,9.000000000000000000e+00,4.978409140873484295e-01
3.580000000000000000e+02,9.000000000000000000e+00,4.967220897796267298e-01
3.600000000000000000e+02,9.000000000000000000e+00,4.956111252921713284e-01
3.620000000000000000e+02,9.000000000000000000e+00,4.945079277626562853e-01
3.640000000000000000e+02,9.000000000000000000e+00,4.934124058633331811e-01
3.660000000000000000e+02,9.000000000000000000e+00,4.923244697686212090e-01
3.680000000000000000e+02,9.000000000000000000e+00,4.912440311235348744e-01
3.700000000000000000e+02,9.000000000000000000e+00,4.901710030129109441e-01
3.720000000000000000e+02,9.000000000000000000e+00,4.891052999314109972e-01
3.740000000000000000e+02,9.000000000000000000e+00,4.880468377542915848e-01
3.760000000000000000e+02,9.000000000000000000e+00,4.869955337088918146e-01
3.780000000000000000e+02,9.000000000000000000e+00,4.859513063468525740e-01
3.800000000000000000e+02,9.000000000000000000e+00,4.849140755170113226e-01
3.820000000000000000e+02,9.000000000000000000e+00,4.838837623389801168e-01
3.840000000000000000e+02,9.000000000000000000e+00,4.828602891773699501e-01
3.860000000000000000e+02,9.000000000000000000e+00,4.818435796166491425e-01
3.880000000000000000e+02,9.000000000000000000e+00,4.808335584366211779e-01
3.900000000000000000e+02,9.000000000000000000e+00,4.798301515884924040e-01
3.920000000000000000e+02,1.000000000000000000e+01,5.197035644876522031e-01
3.940000000000000000e+02,1.000000000000000000e+01,5.186636082964029004e-01
3.960000000000000000e+02,1.000000000000000000e+01,5.176301724005515359e-01
3.980000000000000000e+02,1.000000000000000000e+01,5.166031880487068628e-01
4.000000000000000000e+02,1.000000000000000000e+01,5.155825875022881366e-01
4.020000000000000000e+02,1.000000000000000000e+01,5.145683040164997779e-01
4.040000000000000000e+02,1.000000000000000000e+01,5.135602718217385787e-01
4.060000000000000000e+02,1.000000000000000000e+01,5.125584261054186852e-01
4.080000000000000000e+02,1.000000000000000000e+01,5.115627029942066972e-01
4.100000000000000000e+02,1.000000000000000000e+01,5.105730395366532282e-01
4.120000000000000000e+02,1.000000000000000000e+01,5.095893736862147083e-01
4.140000000000000000e+02,1.000000000000000000e+01,5.086116442846480012e-01
4.160000000000000000e+02,1.000000000000000000e+01,5.076397910457796092e-01
4.180000000000000000e+02,1.000000000000000000e+01,5.066737545396265974e-01
4.200000000000000000e+02,1.000000000000000000e+01,5.057134761768734554e-01
4.220000000000000000e+02,1.000000000000000000e+01,5.047588981936798058e-01
4.240000000000000000e+02,1.000000000000000000e+01,5.038099636368325029e-01
4.260000000000000000e+02,1.000000000000000000e+01,5.028666163492085950e-01
4.280000000000000000e+02,1.000000000000000000e+01,5.019288009555591401e-01
4.300000000000000000e+02,1.000000000000000000e+01,5.009964628486027749e-01
4.320000000000000000e+02,1.000000000000000000e+01,5.000695481754109384e-01
4.340000000000000000e+02,1.000000000000000000e+01,4.991480038240929673e-01
4.360000000000000000e+02,1.000000000000000000e+01,4.982317774107584141e-01
4.380000000000000000e+02,1.000000000000000000e+01,4.973208172667625826e-01
4.400000000000000000e+02,1.000000000000000000e+01,4.964150724262212933e-01
4.420000000000000000e+02,1.000000000000000000e+01,4.955144926137843298e-01
4.440000000000000000e+02,1.000000000000000000e+01,4.946190282326770604e-01
4.460000000000000000e+02,1.000000000000000000e+01,4.937286303529809794e-01
4.480000000000000000e+02,1.000000000000000000e+01,4.928432507001648810e-01
4.500000000000000000e+02,1.000000000000000000e+01,4.919628416438600049e-01
4.520000000000000000e+02,1.000000000000000000e+01,4.910873561868573378e-01
4.540000000000000000e+02,1.000000000000000000e+01,4.902167479543413919e-01
4.560000000000000000e+02,1.000000000000000000e+01,4.893509711833411435e-01
4.580000000000000000e+02,1.000000000000000000e+01,4.884899807124002402e-01
4.600000000000000000e+02,1.000000000000000000e+01,4.876337319714570961e-01
4.620000000000000000e+02,1.000000000000000000e+01,4.867821809719307669e-01
4.640000000000000000e+02,1.000000000000000000e+01,4.859352842970129926e-01
4.660000000000000000e+02,1.000000000000000000e+01,4.850929990921479806e-01
4.680000000000000000e+02,1.000000000000000000e+01,4.842552830557138033e-01
4.700000000000000000e+02,1.000000000000000000e+01,4.834220944298849854e-01
4.720000000000000000e+02,1.000000000000000000e+01,4.825933919916802206e-01
4.740000000000000000e+02,1.000000000000000000e+01,4.817691350441900000e-01
4.760000000000000000e+02,1.100000000000000000e+01,5.178993869809755957e-01
4.780000000000000000e+02,1.100000000000000000e+01,5.170472881564406320e-01
4.800000000000000000e+02,1.100000000000000000e+01,5.161995879514690300e-01
4.820000000000000000e+02,1.100000000000000000e+01,5.153562481371408710e-01
4.840000000000000000e+02,1.100000000000000000e+01,5.145172309492300755e-01
4.860000000000000000e+02,1.100000000000000000e+01,5.136824990809890634e-01
4.880000000000000000e+02,1.100000000000000000e+01,5.128520156760746351e-01
4.900000000000000000e+02,1.100000000000000000e+01,5.120257443216065241e-01
4.920000000000000000e+02,1.100000000000000000e+01,5.112036490413526257e-01
4.940000000000000000e+02,1.100000000000000000e+01,5.103856942890420134e-01
4.960000000000000000e+02,1.100000000000000000e+01,5.095718449418004115e-01
4.980000000000000000e+02,1.100000000000000000e+01,5.087620662937100136e-01
5.000000000000000000e+02,1.100000000000000000e+01,5.079563240494824328e-01
5.020000000000000000e+02,1.100000000000000000e+01,5.071545843182551083e-01
5.040000000000000000e+02,1.100000000000000000e+01,5.063568136074915182e-01
5.060000000000000000e+02,1.100000000000000000e+01,5.055629788170024064e-01
5.080000000000000000e+02,1.100000000000000000e+01,5.047730472330693718e-01
5.100000000000000000e+02,1.100000000000000000e+01,5.039869865226740409e-01
5.120000000000000000e+02,1.100000000000000000e+01,5.032047647278393709e-01
5.140000000000000000e+02,1.100000000000000000e+01,5.024263502600625486e-01
5.160000000000000000e+02,1.100000000000000000e+01,5.016517118948535803e-01
5.180000000000000000e+02,1.100000000000000000e+01,5.008808187663743583e-01
5.200000000000000000e+02,1.100000000000000000e+01,5.001136403621642135e-01
5.220000000000000000e+02,1.100000000000000000e+01,4.993501465179695509e-01
5.240000000000000000e+02,1.100000000000000000e+01,4.985903074126576406e-01
5.260000000000000000e+02,1.100000000000000000e+01,4.978340935632234454e-01
5.280000000000000000e+02,1.100000000000000000e+01,4.970814758198859318e-01
5.300000000000000000e+02,1.100000000000000000e+01,4.963324253612658166e-01
5.320000000000000000e+02,1.100000000000000000e+01,4.955869136896530192e-01
5.340000000000000000e+02,1.100000000000000000e+01,4.948449126263548270e-01
5.360000000000000000e+02,1.100000000000000000e+01,4.941063943071222209e-01
5.380000000000000000e+02,1.100000000000000000e+01,4.933713311776612431e-01
5.400000000000000000e+02,1.100000000000000000e+01,4.926396959892164196e-01
5.420000000000000000e+02,1.100000000000000000e+01,4.919114617942359491e-01
5.440000000000000000e+02,1.100000000000000000e+01,4.911866019421038954e-01
5.460000000000000000e+02,1.100000000000000000e+01,4.904650900749566445e-01
5.480000000000000000e+02,1.100000000000000000e+01,4.897469001235597030e-01
5.500000000000000000e+02,1.100000000000000000e+01,4.890320063032607134e-01
5.520000000000000000e+02,1.100000000000000000e+01,4.883203831100130232e-01
5.540000000000000000e+02,1.100000000000000000e+01,4.876120053164595403e-01
5.560000000000000000e+02,1.100000000000000000e+01,4.869068479680928041e-01
5.580000000000000000e+02,1.100000000000000000e+01,4.862048863794686260e-01
5.600000000000000000e+02,1.100000000000000000e+01,4.855060961304931699e-01
5.620000000000000000e+02,1.100000000000000000e+01,4.848104530627678765e-01
5.640000000000000000e+02,1.100000000000000000e+01,4.841179332759931730e-01
5.660000000000000000e+02,1.100000000000000000e+01,4.834285131244371314e-01
5.680000000000000000e+02,1.200000000000000000e+01,5.164602784438743210e-01
5.700000000000000000e+02,1.200000000000000000e+01,5.157491759644985407e-01
5.720000000000000000e+02,1.200000000000000000e+01,5.150411486951104179e-01
5.740000000000000000e+02,1.200000000000000000e+01,5.143361742254677349e-01
5.760000000000000000e+02,1.200000000000000000e+01,5.136342303739303006e-01
5.780000000000000000e+02,1.200000000000000000e+01,5.129352951844752262e-01
5.800000000000000000e+02,1.200000000000000000e+01,5.122393469237697117e-01
5.820000000000000000e+02,1.200000000000000000e+01,5.115463640782816901e-01
5.840000000000000000e+02,1.200000000000000000e+01,5.108563253514417646e-01
5.860000000000000000e+02,1.200000000000000000e+01,5.101692096608445581e-01
5.880000000000000000e+02,1.200000000000000000e+01,5.094849961354964707e-01
5.900000000000000000e+02,1.200000000000000000e+01,5.088036641131066240e-01
5.920000000000000000e+02,1.200000000000000000e+01,5.081251931374166642e-01
5.940000000000000000e+02,1.200000000000000000e+01,5.074495629555754173e-01
5.960000000000000000e+02,1.200000000000000000e+01,5.067767535155545122e-01
5.980000000000000000e+02,1.200000000000000000e+01,5.061067449635958670e-01
6.000000000000000000e+02,1.200000000000000000e+01,5.054395176417111335e-01
6.020000000000000000e+02,1.200000000000000000e+01,5.047750520852098965e-01
6.040000000000000000e+02,1.200000000000000000e+01,5.041133290202659545e-01
6.060000000000000000e+02,1.200000000000000000e+01,5.034543293615264536e-01
6.080000000000000000e+02,1.200000000000000000e+01,5.027980342097521094e-01
6.100000000000000000e+02,1.200000000000000000e+01,5.021444248494959517e-01
6.120000000000000000e+02,1.200000000000000000e+01,5.014934827468163769e-01
6.140000000000000000e+02,1.200000000000000000e+01,5.008451895470218407e-01
6.160000000000000000e+02,1.200000000000000000e+01,5.001995270724558518e-01
6.180000000000000000e+02,1.200000000000000000e+01,4.995564773203080011e-01
6.200000000000000000e+02,1.200000000000000000e+01,4.989160224604649585e-01
6.220000000000000000e+02,1.200000000000000000e+01,4.982781448333849506e-01
6.240000000000000000e+02,1.200000000000000000e+01,4.976428269480127620e-01
6.260000000000000000e+02,1.200000000000000000e+01,4.970100514797202162e-01
6.280000000000000000e+02,1.200000000000000000e+01,4.963798012682776872e-01
6.300000000000000000e+02,1.200000000000000000e+01,4.957520593158565858e-01
6.320000000000000000e+02,1.200000000000000000e+01,4.951268087850624333e-01
6.340000000000000000e+02,1.200000000000000000e+01,4.945040329969934700e-01
6.360000000000000000e+02,1.200000000000000000e+01,4.938837154293321818e-01
6.380000000000000000e+02,1.200000000000000000e+01,4.932658397144591422e-01
6.400000000000000000e+02,1.200000000000000000e+01,4.926503896376021596e-01
6.420000000000000000e+02,1.200000000000000000e+01,4.920373491350017447e-01
6.440000000000000000e+02,1.200000000000000000e+01,4.914267022921138817e-01
6.460000000000000000e+02,1.200000000000000000e+01,4.908184333418321721e-01
6.480000000000000000e+02,1.200000000000000000e+01,4.902125266627380129e-01
6.500000000000000000e+02,1.200000000000000000e+01,4.896089667773754206e-01
6.520000000000000000e+02,1.200000000000000000e+01,4.890077383505498920e-01
6.540000000000000000e+02,1.200000000000000000e+01,4.884088261876549653e-01
6.560000000000000000e+02,1.200000000000000000e+01,4.878122152330189865e-01
6.580000000000000000e+02,1.200000000000000000e+01,4.872178905682742478e-01
6.600000000000000000e+02,1.200000000000000000e+01,4.866258374107559903e-01
6.620000000000000000e+02,1.200000000000000000e+01,4.860360411119170054e-01
6.640000000000000000e+02,1.200000000000000000e+01,4.854484871557699366e-01
6.660000000000000000e+02,1.200000000000000000e+01,4.848631611573482880e-01
6.680000000000000000e+02,1.300000000000000000e+01,5.152873499032257776e-01
6.700000000000000000e+02,1.300000000000000000e+01,5.146848164001667225e-01
6.720000000000000000e+02,1.300000000000000000e+01,5.140844977065981425e-01
6.740000000000000000e+02,1.300000000000000000e+01,5.134863800939909462e-01
6.760000000000000000e+02,1.300000000000000000e+01,5.128904499530080319e-01
6.780000000000000000e+02,1.300000000000000000e+01,5.122966937921857866e-01
6.800000000000000000e+02,1.300000000000000000e+01,5.117050982366261325e-01
6.820000000000000000e+02,1.300000000000000000e+01,5.111156500267090008e-01
6.840000000000000000e+02,1.300000000000000000e+01,5.105283360168231255e-01
6.860000000000000000e+02,1.300000000000000000e+01,5.099431431741114906e-01
6.880000000000000000e+02,1.300000000000000000e+01,5.093600585772334322e-01
6.900000000000000000e+02,1.300000000000000000e+01,5.087790694151458348e-01
6.920000000000000000e+02,1.300000000000000000e+01,5.082001629858992064e-01
6.940000000000000000e+02,1.300000000000000000e+01,5.076233266954479628e-01
6.960000000000000000e+02,1.300000000000000000e+01,5.070485480564773662e-01
6.980000000000000000e+02,1.300000000000000000e+01,5.064758146872465616e-01
